9.0,0.0,1.0,0.0,0.0,0.0,0.0,0.0,0.0,1.0,1.0,0.0,0.0,0.0,1.0,1.0,0.0,0.0,0.0,0.0,0.0,0.0,0.0,0.0,0.0,1.0,0.0,0.0,0.0,0.0,0.0,0.0,1.0,0.0,0.0,0.0,0.0,0.0,1.0,0.0,1.0,0.0,1.0,0.0,0.0,0.0,0.0,1.0,0.0,0.0,1.0,0.0,0.0,0.0,1.0,0.0,0.0,1.0,0.0,0.0,0.0,0.0,1.0,0.0,0.0,0.0,0.0,0.0,0.0,0.0,1.0,0.0,0.0,1.0,0.0,0.0,0.0,0.0,1.0,0.0,0.0,0.0,0.6086786413117703,0.783035474066887,0.6852535829694064,0.7065333230470885,0.5124540411114948,0.45574636628731113,0.659435434365461,0.6620872130757528,0.5522657881260817,0.7644897700431418,0.7818796987864209,0.6357122040279022,0.5094581253308784,0.42243338357133536,0.5278605348296099,0.47333739122511076,0.6504172080678894,0.6465158981839555,1.0,0.0,1.0,1.0,0.0,0.0,0.0,1.0,0.0,0.0,1.0,6.0
9.0,0.0,1.0,0.0,0.0,0.0,0.0,0.0,0.0,1.0,1.0,0.0,0.0,0.0,1.0,1.0,0.0,0.0,1.0,0.0,0.0,0.0,0.0,0.0,0.0,1.0,0.0,0.0,0.0,0.0,0.0,0.0,0.0,0.0,0.0,0.0,0.0,0.0,1.0,0.0,0.0,0.0,1.0,0.0,0.0,0.0,0.0,1.0,0.0,0.0,1.0,0.0,0.0,0.0,1.0,0.0,0.0,1.0,0.0,0.0,0.0,0.0,1.0,0.0,0.0,0.0,0.0,0.0,0.0,0.0,1.0,0.0,0.0,1.0,1.0,0.0,0.0,0.0,1.0,0.0,0.0,0.0,0.6108904113495368,0.7832049509147222,0.680160267306004,0.7062882702425433,0.5065583270675508,0.46642787086567755,0.637639518053534,0.835122077293584,0.5592552576489025,0.7755746543755252,0.7345228954131438,0.6305197780773908,0.5472750174694948,0.45563208372381714,0.5348143751377997,0.4555597568568097,0.651232334806016,0.6436721948411455,1.0,0.0,1.0,1.0,0.0,0.0,0.0,1.0,0.0,0.0,1.0,6.0
9.0,0.0,1.0,0.0,0.0,0.0,0.0,0.0,0.0,1.0,1.0,0.0,0.0,0.0,1.0,1.0,0.0,0.0,1.0,0.0,0.0,0.0,0.0,0.0,0.0,1.0,0.0,0.0,0.0,0.0,0.0,0.0,0.0,0.0,0.0,0.0,0.0,0.0,1.0,0.0,0.0,0.0,1.0,0.0,0.0,0.0,0.0,1.0,0.0,0.0,1.0,0.0,0.0,0.0,1.0,0.0,0.0,1.0,0.0,0.0,0.0,0.0,1.0,0.0,0.0,0.0,0.0,0.0,0.0,0.0,1.0,0.0,0.0,1.0,1.0,0.0,0.0,0.0,1.0,0.0,0.0,0.0,0.6088539945803464,0.7836676108985129,0.6799731697001915,0.7062180629503649,0.5123677512168718,0.4314919754197925,0.6429399681041063,0.8360432463760289,0.66598625965684,0.7654884989037698,0.745015785467178,0.6300142828079527,0.5235291548204625,0.37721971076748445,0.6178643934854048,0.3688105345211211,0.6512242359104796,0.6423119967308104,1.0,0.0,1.0,1.0,0.0,0.0,0.0,1.0,0.0,0.0,1.0,6.0
9.0,0.0,1.0,0.0,0.0,0.0,0.0,0.0,0.0,1.0,1.0,0.0,0.0,0.0,1.0,1.0,0.0,0.0,1.0,0.0,0.0,0.0,0.0,1.0,0.0,1.0,0.0,0.0,0.0,0.0,0.0,0.0,0.0,0.0,0.0,0.0,0.0,0.0,1.0,1.0,0.0,0.0,1.0,0.0,0.0,0.0,0.0,1.0,0.0,0.0,1.0,0.0,0.0,0.0,0.0,0.0,0.0,1.0,0.0,0.0,0.0,0.0,1.0,0.0,0.0,0.0,0.0,0.0,0.0,0.0,1.0,0.0,0.0,1.0,1.0,0.0,0.0,0.0,0.0,0.0,0.0,0.0,0.6087275753043709,0.7832412021533076,0.6800299744057985,0.7063017208752717,0.4429954288275434,0.43986670254984817,0.6556410109441402,0.6737412297690474,0.5505013735296723,0.7664712821186124,0.8251015200395628,0.6002317063330533,0.48084956176723737,0.48744244469387465,0.5332776141628771,0.49998076757268184,0.6527940354243167,0.6431649613492114,1.0,0.0,1.0,1.0,0.0,0.0,0.0,1.0,0.0,0.0,1.0,6.0
9.0,0.0,1.0,0.0,0.0,0.0,0.0,0.0,0.0,0.0,1.0,0.0,0.0,0.0,1.0,1.0,0.0,0.0,1.0,0.0,0.0,0.0,0.0,1.0,0.0,1.0,0.0,0.0,0.0,0.0,0.0,0.0,0.0,0.0,0.0,0.0,0.0,0.0,1.0,1.0,0.0,0.0,1.0,0.0,0.0,0.0,0.0,1.0,0.0,0.0,1.0,0.0,0.0,0.0,1.0,0.0,0.0,1.0,0.0,0.0,0.0,0.0,1.0,0.0,0.0,0.0,0.0,0.0,0.0,0.0,1.0,0.0,0.0,0.0,1.0,0.0,0.0,0.0,1.0,0.0,0.0,0.0,0.6088141755815756,0.7831386165059196,0.6795516672151148,0.7066633595408339,0.5093609079618322,0.4775251323707294,0.7244582227051986,0.7304298052143104,0.5668514919117047,0.7844185410535189,0.8077091730735513,0.6391492315852517,0.5215814064936257,0.4826619529519704,0.5471173123097817,0.4796880995651261,0.7355090561119876,0.6436797112500755,1.0,0.0,1.0,1.0,0.0,0.0,0.0,1.0,0.0,0.0,1.0,6.0
9.0,0.0,1.0,0.0,0.0,0.0,0.0,0.0,0.0,0.0,1.0,0.0,0.0,0.0,1.0,1.0,0.0,0.0,1.0,0.0,0.0,0.0,0.0,1.0,0.0,1.0,0.0,0.0,0.0,0.0,0.0,0.0,0.0,0.0,0.0,0.0,0.0,0.0,1.0,1.0,0.0,0.0,1.0,0.0,0.0,0.0,0.0,1.0,0.0,0.0,1.0,0.0,0.0,0.0,1.0,0.0,0.0,1.0,0.0,0.0,0.0,0.0,1.0,0.0,0.0,0.0,0.0,0.0,0.0,0.0,1.0,0.0,0.0,0.0,1.0,0.0,0.0,0.0,1.0,0.0,0.0,0.0,0.6044213595850841,0.7832722354703696,0.67932666013953,0.7061954146793991,0.48770204157898484,0.48852337445767585,0.6118273738058004,0.819552119164673,0.5780921900367583,0.7846570613198843,0.8178450881078276,0.639420605458696,0.4967307434003061,0.483198601520539,0.5368074846335152,0.4962460096480067,0.6679424581385699,0.6454205934739494,1.0,0.0,1.0,1.0,0.0,0.0,0.0,1.0,0.0,0.0,1.0,6.0
9.0,0.0,1.0,0.0,0.0,0.0,0.0,0.0,0.0,1.0,1.0,0.0,0.0,0.0,1.0,1.0,0.0,0.0,0.0,0.0,0.0,0.0,0.0,1.0,0.0,1.0,0.0,0.0,0.0,0.0,0.0,0.0,0.0,0.0,0.0,0.0,1.0,0.0,1.0,1.0,0.0,0.0,1.0,0.0,0.0,0.0,0.0,1.0,0.0,0.0,1.0,0.0,0.0,0.0,0.0,0.0,0.0,1.0,0.0,0.0,0.0,0.0,1.0,0.0,0.0,0.0,0.0,0.0,0.0,0.0,1.0,0.0,0.0,1.0,0.0,0.0,1.0,0.0,0.0,0.0,0.0,0.0,0.6087296726419456,0.783035474066887,0.6800843636524442,0.706154347029682,0.48764584137475586,0.4562354029378979,0.6533906855992901,0.6641235963424019,0.5788631952138705,0.7838246638323936,0.8111103563352019,0.6362955129241326,0.5089438721871324,0.4250734426200196,0.5309229117402061,0.5119107280257493,0.6497129910432725,0.6566449837446405,1.0,0.0,1.0,1.0,0.0,0.0,0.0,1.0,0.0,0.0,1.0,6.0
9.0,0.0,1.0,0.0,0.0,0.0,0.0,0.0,0.0,1.0,1.0,0.0,0.0,0.0,1.0,1.0,0.0,0.0,1.0,0.0,0.0,0.0,0.0,1.0,0.0,1.0,0.0,0.0,0.0,0.0,0.0,0.0,0.0,0.0,0.0,0.0,0.0,0.0,1.0,1.0,0.0,0.0,1.0,0.0,0.0,0.0,0.0,1.0,0.0,0.0,1.0,0.0,0.0,0.0,0.0,0.0,0.0,1.0,0.0,0.0,0.0,0.0,1.0,0.0,0.0,0.0,0.0,0.0,0.0,0.0,1.0,0.0,0.0,1.0,1.0,0.0,0.0,0.0,0.0,0.0,0.0,0.0,0.6087346594708807,0.7831968562096384,0.6775324330643756,0.7062727035029241,0.513317704553068,0.44700728625765923,0.7227225669251108,0.6626238135199559,0.5605450180780294,0.7681607963244923,0.8380468740395871,0.637054396609537,0.5059765723734484,0.47467437895470366,0.5781982199756069,0.5295641670511959,0.6473480884653052,0.6423588635178287,1.0,0.0,1.0,1.0,0.0,0.0,0.0,1.0,0.0,0.0,1.0,6.0
9.0,0.0,1.0,0.0,0.0,0.0,0.0,0.0,0.0,0.0,1.0,0.0,0.0,0.0,1.0,1.0,0.0,0.0,1.0,0.0,0.0,0.0,0.0,1.0,0.0,1.0,0.0,0.0,0.0,0.0,0.0,0.0,0.0,0.0,0.0,0.0,0.0,0.0,1.0,1.0,0.0,0.0,1.0,0.0,0.0,0.0,0.0,1.0,0.0,0.0,1.0,0.0,0.0,0.0,1.0,0.0,0.0,1.0,0.0,0.0,0.0,0.0,1.0,0.0,0.0,0.0,0.0,0.0,0.0,0.0,1.0,0.0,0.0,0.0,1.0,0.0,0.0,0.0,1.0,0.0,0.0,0.0,0.6100513042179441,0.7832115176437879,0.6785216318783176,0.7061763661604276,0.5130359599848031,0.48852337445767585,0.6126017319458018,0.8137319517132442,0.5663188860393961,0.7846602548806237,0.7872569591483873,0.6387092657762042,0.54654458737222,0.483198601520539,0.5627291906435049,0.4962460096480067,0.6680004261147969,0.6454205934739494,1.0,0.0,1.0,1.0,0.0,0.0,0.0,1.0,0.0,0.0,1.0,6.0
9.0,0.0,1.0,0.0,0.0,0.0,0.0,0.0,0.0,1.0,1.0,0.0,0.0,0.0,1.0,1.0,0.0,0.0,1.0,0.0,0.0,0.0,0.0,1.0,0.0,1.0,0.0,0.0,0.0,0.0,0.0,0.0,0.0,0.0,0.0,0.0,0.0,0.0,1.0,1.0,0.0,0.0,1.0,0.0,0.0,0.0,0.0,1.0,0.0,0.0,1.0,0.0,0.0,0.0,0.0,0.0,0.0,1.0,0.0,0.0,0.0,0.0,1.0,0.0,0.0,0.0,0.0,0.0,0.0,0.0,1.0,0.0,0.0,1.0,1.0,0.0,0.0,0.0,0.0,0.0,0.0,0.0,0.6086863981257463,0.7832450336806941,0.6800299744057985,0.7063017208752717,0.5141579193951659,0.49893933905722065,0.6558810413617567,0.6790576923052066,0.5505013735296723,0.7675284698007305,0.8250350676218684,0.6002317063330533,0.5286892546328015,0.48744244469387465,0.5379139490853976,0.49748142936805223,0.6517046315532005,0.6431649613492114,1.0,0.0,1.0,1.0,0.0,0.0,0.0,1.0,0.0,0.0,1.0,6.0
9.0,0.0,1.0,0.0,0.0,0.0,0.0,0.0,0.0,1.0,1.0,0.0,0.0,0.0,1.0,1.0,0.0,0.0,1.0,0.0,0.0,0.0,0.0,0.0,0.0,1.0,0.0,0.0,0.0,0.0,0.0,0.0,0.0,0.0,0.0,0.0,0.0,0.0,1.0,0.0,0.0,0.0,1.0,0.0,0.0,0.0,0.0,1.0,0.0,0.0,1.0,0.0,0.0,0.0,1.0,0.0,0.0,1.0,0.0,0.0,0.0,0.0,1.0,0.0,0.0,0.0,0.0,0.0,0.0,0.0,1.0,0.0,0.0,1.0,1.0,0.0,0.0,0.0,1.0,0.0,0.0,0.0,0.6100676778808706,0.78393371569334,0.6801208753054545,0.7062149297778979,0.5131751855565356,0.48816562593304996,0.6140292539483935,0.8196072566848516,0.563141412466085,0.7759382325173116,0.7196360110039532,0.6367386286146672,0.5485629798860246,0.4588391794532521,0.5052096555120293,0.45535234998045454,0.6508204916046015,0.6432657976890097,1.0,0.0,1.0,1.0,0.0,0.0,0.0,1.0,0.0,0.0,1.0,6.0
9.0,0.0,1.0,0.0,0.0,0.0,0.0,0.0,0.0,0.0,1.0,0.0,0.0,0.0,1.0,1.0,0.0,0.0,1.0,0.0,0.0,0.0,0.0,1.0,0.0,1.0,0.0,0.0,0.0,0.0,0.0,0.0,0.0,0.0,0.0,0.0,0.0,0.0,1.0,1.0,0.0,0.0,1.0,0.0,0.0,0.0,0.0,1.0,0.0,0.0,1.0,0.0,0.0,0.0,1.0,0.0,0.0,1.0,0.0,0.0,0.0,0.0,1.0,0.0,0.0,0.0,0.0,0.0,0.0,0.0,1.0,0.0,0.0,0.0,1.0,0.0,0.0,0.0,1.0,0.0,0.0,0.0,0.6087222454587515,0.7838667931509127,0.6801664446496704,0.7062614279207499,0.46260571508997916,0.44365933613667813,0.6390565296691947,0.6710784649750341,0.5592284655945335,0.774802632541416,0.8390334284155062,0.6353904875412479,0.481533267645995,0.43230114302347233,0.4678055715622702,0.5019857995492257,0.6506334185439273,0.6444350894041437,1.0,0.0,1.0,1.0,0.0,0.0,0.0,1.0,0.0,0.0,1.0,6.0
9.0,0.0,1.0,0.0,0.0,0.0,0.0,0.0,0.0,1.0,1.0,0.0,0.0,0.0,1.0,1.0,0.0,0.0,1.0,0.0,0.0,0.0,0.0,0.0,0.0,1.0,0.0,0.0,0.0,0.0,0.0,0.0,0.0,0.0,0.0,0.0,0.0,0.0,1.0,0.0,0.0,0.0,1.0,0.0,0.0,0.0,0.0,1.0,0.0,0.0,1.0,0.0,0.0,0.0,1.0,0.0,0.0,1.0,0.0,0.0,0.0,0.0,1.0,0.0,0.0,0.0,0.0,0.0,0.0,0.0,1.0,0.0,0.0,1.0,1.0,0.0,0.0,0.0,1.0,0.0,0.0,0.0,0.6088542136944065,0.7836738752213438,0.6799731697001915,0.7062180629503649,0.5123677512168718,0.4314919754197925,0.6429399681041063,0.8360432463760289,0.66598625965684,0.7654884989037698,0.734390852082883,0.6299951851770184,0.5305656638888337,0.37721971076748445,0.6172329429028836,0.4489731037707445,0.6512320849795775,0.6423119967308104,1.0,0.0,1.0,1.0,0.0,0.0,0.0,1.0,0.0,0.0,1.0,6.0
9.0,0.0,1.0,0.0,0.0,0.0,0.0,0.0,0.0,1.0,1.0,0.0,0.0,0.0,1.0,1.0,0.0,0.0,1.0,0.0,0.0,0.0,0.0,1.0,0.0,1.0,0.0,0.0,0.0,0.0,0.0,0.0,0.0,0.0,0.0,0.0,0.0,0.0,1.0,1.0,0.0,0.0,1.0,0.0,0.0,0.0,0.0,1.0,0.0,0.0,1.0,0.0,0.0,0.0,0.0,0.0,0.0,1.0,0.0,0.0,0.0,0.0,1.0,0.0,0.0,0.0,0.0,0.0,0.0,0.0,1.0,0.0,0.0,1.0,1.0,0.0,0.0,0.0,0.0,0.0,0.0,0.0,0.6049843259027387,0.7832768859973548,0.6784570201964092,0.7062626358569668,0.20106167128339394,0.37818623405043733,0.659701367578393,0.8237462054246217,0.5711492896340601,0.7858916192673909,0.8203417326417449,0.6150295682292584,0.36793633655954894,0.25873994493546865,0.5799647067268626,0.512003048204352,0.6513090298200638,0.6437141822610636,1.0,0.0,1.0,1.0,0.0,0.0,0.0,1.0,0.0,0.0,1.0,6.0
9.0,0.0,1.0,0.0,0.0,0.0,0.0,0.0,0.0,1.0,1.0,0.0,0.0,0.0,1.0,1.0,0.0,0.0,0.0,0.0,0.0,0.0,0.0,1.0,0.0,1.0,0.0,0.0,0.0,0.0,0.0,0.0,0.0,0.0,0.0,0.0,0.0,0.0,1.0,1.0,0.0,0.0,1.0,0.0,0.0,0.0,0.0,1.0,0.0,0.0,1.0,0.0,0.0,0.0,1.0,0.0,0.0,1.0,0.0,0.0,0.0,0.0,1.0,0.0,0.0,0.0,0.0,0.0,0.0,0.0,1.0,0.0,0.0,1.0,0.0,0.0,0.0,0.0,1.0,0.0,0.0,0.0,0.6089305385949476,0.7838461733737123,0.6806405167938637,0.7075356719598789,0.4951533120558336,0.2957062134791152,0.6566453252942703,0.8264399216814139,0.5592508329738188,0.7684250488676618,0.838991158780813,0.6365013874951575,0.4862340106806572,0.26639497094572917,0.5776495117506798,0.30879356886638964,0.6504604121417144,0.6443808395048768,1.0,0.0,1.0,1.0,0.0,0.0,0.0,1.0,0.0,0.0,1.0,6.0
9.0,0.0,1.0,0.0,0.0,0.0,0.0,0.0,0.0,0.0,1.0,0.0,0.0,0.0,1.0,1.0,0.0,0.0,1.0,0.0,0.0,0.0,0.0,1.0,0.0,1.0,0.0,0.0,0.0,0.0,0.0,0.0,0.0,0.0,0.0,0.0,0.0,0.0,1.0,1.0,0.0,0.0,1.0,0.0,0.0,0.0,0.0,1.0,0.0,0.0,1.0,0.0,0.0,0.0,1.0,0.0,0.0,1.0,0.0,0.0,0.0,0.0,1.0,0.0,0.0,0.0,0.0,0.0,0.0,0.0,1.0,0.0,0.0,0.0,1.0,0.0,0.0,0.0,1.0,0.0,0.0,0.0,0.6087175897770063,0.7832087319465938,0.6842714220914559,0.7080018180426769,0.48786575903089624,0.4403309677508556,0.7228820181651922,0.6052399328274984,0.5781151732559172,0.7752296735227759,0.8038340078078074,0.6133274816306181,0.49597674978675244,0.4118719607336434,0.5031321283482095,0.46780514524703914,0.6690317722843578,0.646828221220734,1.0,0.0,1.0,1.0,0.0,0.0,0.0,1.0,0.0,0.0,1.0,6.0
9.0,0.0,1.0,0.0,0.0,0.0,0.0,0.0,0.0,0.0,1.0,0.0,0.0,0.0,1.0,1.0,0.0,0.0,1.0,0.0,0.0,0.0,0.0,1.0,0.0,1.0,0.0,0.0,0.0,0.0,0.0,0.0,0.0,0.0,0.0,0.0,0.0,0.0,1.0,1.0,0.0,0.0,1.0,0.0,0.0,0.0,0.0,1.0,0.0,0.0,1.0,0.0,0.0,0.0,1.0,0.0,0.0,1.0,0.0,0.0,0.0,0.0,1.0,0.0,0.0,0.0,0.0,0.0,0.0,0.0,1.0,0.0,0.0,0.0,1.0,0.0,0.0,0.0,1.0,0.0,0.0,0.0,0.608687451213531,0.78316828719025,0.6842513996160051,0.7076005098753694,0.5124736195282773,0.4347433474941002,0.6654807662433821,0.7313164057686098,0.5780106848452534,0.7848656335201022,0.8120976535999443,0.6320160502218936,0.5214508064814417,0.4669115775816148,0.5368510337289655,0.4714025683726229,0.7351676551431077,0.6848777175581285,1.0,0.0,1.0,1.0,0.0,0.0,0.0,1.0,0.0,0.0,1.0,6.0
9.0,0.0,1.0,0.0,0.0,0.0,0.0,0.0,0.0,0.0,1.0,0.0,0.0,0.0,1.0,1.0,0.0,0.0,1.0,0.0,0.0,0.0,0.0,1.0,0.0,1.0,0.0,0.0,0.0,0.0,0.0,0.0,0.0,0.0,0.0,0.0,0.0,0.0,1.0,1.0,0.0,0.0,1.0,0.0,0.0,0.0,0.0,1.0,0.0,0.0,1.0,0.0,0.0,0.0,1.0,0.0,0.0,1.0,0.0,0.0,0.0,0.0,1.0,0.0,0.0,0.0,0.0,0.0,0.0,0.0,1.0,0.0,0.0,0.0,1.0,0.0,0.0,0.0,1.0,0.0,0.0,0.0,0.6100952906805448,0.7831277960459698,0.6842762368002038,0.7080677979249366,0.5094502970225295,0.44032604248943696,0.6579022995034259,0.5999920579724328,0.5783118722928694,0.7752111042797892,0.7462363224785733,0.6142583012815902,0.5217511850662182,0.42191600382800093,0.5634911833368385,0.412258673407295,0.6484650945589875,0.6436276254506332,1.0,0.0,1.0,1.0,0.0,0.0,0.0,1.0,0.0,0.0,1.0,6.0
9.0,0.0,1.0,0.0,0.0,0.0,0.0,0.0,0.0,0.0,1.0,0.0,0.0,0.0,1.0,1.0,0.0,0.0,1.0,0.0,0.0,0.0,0.0,1.0,0.0,1.0,0.0,0.0,0.0,0.0,0.0,0.0,0.0,0.0,0.0,0.0,0.0,0.0,1.0,1.0,0.0,0.0,1.0,0.0,0.0,0.0,0.0,1.0,0.0,0.0,1.0,0.0,0.0,0.0,1.0,0.0,0.0,1.0,0.0,0.0,0.0,0.0,1.0,0.0,0.0,0.0,0.0,0.0,0.0,0.0,1.0,0.0,0.0,0.0,1.0,0.0,0.0,0.0,1.0,0.0,0.0,0.0,0.6049481085776284,0.7832785735696959,0.6784518847878456,0.7059131887689719,0.20106167128339394,0.37818623405043733,0.659774020971018,0.8237462054246217,0.5711492896340601,0.7848933652582257,0.8203417326417449,0.6148730987458949,0.36793633655954894,0.3389474854223581,0.5639886532149453,0.5115788196155102,0.6512445418571918,0.643190125629678,1.0,0.0,1.0,1.0,0.0,0.0,0.0,1.0,0.0,0.0,1.0,6.0
9.0,0.0,1.0,0.0,0.0,0.0,0.0,0.0,0.0,1.0,1.0,0.0,0.0,0.0,1.0,1.0,0.0,0.0,1.0,0.0,0.0,0.0,0.0,1.0,0.0,1.0,0.0,0.0,0.0,0.0,0.0,0.0,0.0,0.0,0.0,0.0,0.0,0.0,1.0,1.0,0.0,0.0,1.0,0.0,0.0,0.0,0.0,1.0,0.0,0.0,1.0,0.0,0.0,0.0,0.0,0.0,0.0,1.0,0.0,0.0,0.0,0.0,1.0,0.0,0.0,0.0,0.0,0.0,0.0,0.0,1.0,0.0,0.0,1.0,1.0,0.0,0.0,0.0,0.0,0.0,0.0,0.0,0.6086865594714131,0.7831649316869519,0.6800080395130881,0.7024990016532751,0.5136851376999991,0.48676600684026217,0.7271803570671811,0.7223774242298192,0.5781868404469661,0.7848795237807042,0.8132065656462693,0.6394421031246881,0.5215856181715824,0.48748593366603477,0.5379135883966323,0.4666898731016358,0.6670781887364235,0.6610837514113683,1.0,0.0,1.0,1.0,0.0,0.0,0.0,1.0,0.0,0.0,1.0,6.0
9.0,0.0,1.0,0.0,0.0,0.0,1.0,0.0,0.0,1.0,1.0,0.0,0.0,0.0,1.0,0.0,0.0,0.0,1.0,0.0,0.0,0.0,0.0,0.0,0.0,1.0,0.0,0.0,0.0,0.0,0.0,0.0,0.0,0.0,0.0,0.0,0.0,0.0,1.0,0.0,0.0,0.0,1.0,0.0,0.0,0.0,1.0,0.0,0.0,0.0,1.0,0.0,0.0,0.0,1.0,0.0,0.0,1.0,0.0,0.0,0.0,0.0,1.0,0.0,0.0,0.0,0.0,0.0,0.0,0.0,1.0,0.0,0.0,1.0,1.0,0.0,0.0,0.0,1.0,0.0,0.0,0.0,0.610150879661992,0.7834369586069511,0.6283477984763797,0.7067009972592607,0.5124099939936303,0.4336427546068829,0.6447696915553092,0.8346534024209601,0.5726388078481428,0.7649095429396169,0.7197390156717014,0.6842642722081493,0.5489106737061479,0.43851283113906586,0.5849067994553697,0.4565740244953532,0.650804318146377,0.6424487035893853,1.0,0.0,1.0,1.0,0.0,0.0,0.0,1.0,0.0,0.0,1.0,6.0
9.0,0.0,1.0,0.0,0.0,0.0,0.0,0.0,0.0,0.0,1.0,0.0,0.0,0.0,1.0,1.0,0.0,0.0,1.0,0.0,0.0,0.0,0.0,1.0,0.0,1.0,0.0,0.0,0.0,0.0,0.0,0.0,0.0,0.0,0.0,0.0,0.0,0.0,1.0,1.0,0.0,0.0,1.0,0.0,0.0,0.0,0.0,1.0,0.0,0.0,1.0,0.0,0.0,0.0,1.0,0.0,0.0,1.0,0.0,0.0,0.0,0.0,1.0,0.0,0.0,0.0,0.0,0.0,0.0,0.0,1.0,0.0,0.0,0.0,1.0,0.0,0.0,0.0,1.0,0.0,0.0,0.0,0.5968270644648878,0.7831885215917898,0.6795506433705383,0.7066652124504322,0.5163671973288011,0.4775251323707294,0.7245585086565547,0.8370820084652347,0.5669201129765885,0.78455580739223,0.7263139960102408,0.6391492315852517,0.5215814064936257,0.4826619529519704,0.5482516841839873,0.4796880995651261,0.6883451104538577,0.6436797112500755,1.0,0.0,1.0,1.0,0.0,0.0,0.0,1.0,0.0,0.0,1.0,6.0
9.0,0.0,1.0,0.0,0.0,0.0,0.0,0.0,0.0,0.0,1.0,0.0,0.0,0.0,1.0,1.0,0.0,0.0,1.0,0.0,0.0,0.0,0.0,1.0,0.0,1.0,0.0,0.0,0.0,0.0,0.0,0.0,0.0,0.0,0.0,0.0,0.0,0.0,1.0,1.0,0.0,0.0,1.0,0.0,0.0,0.0,0.0,1.0,0.0,0.0,1.0,0.0,0.0,0.0,1.0,0.0,0.0,1.0,0.0,0.0,0.0,0.0,1.0,0.0,0.0,0.0,0.0,0.0,0.0,0.0,1.0,0.0,0.0,0.0,1.0,0.0,0.0,0.0,1.0,0.0,0.0,0.0,0.6101305910545715,0.7831277960459698,0.6841333726993224,0.7065051641915214,0.5095102415239878,0.4371663562685177,0.6579022995034259,0.6516020659184276,0.5670458760495027,0.7742868758700794,0.7462363224785733,0.6354148754346339,0.5217531124185897,0.4241876672877336,0.5623658683069029,0.4720229256989969,0.6666045376746313,0.6436276254506332,1.0,0.0,1.0,1.0,0.0,0.0,0.0,1.0,0.0,0.0,1.0,6.0
9.0,0.0,1.0,0.0,0.0,0.0,0.0,0.0,0.0,1.0,1.0,0.0,0.0,0.0,1.0,1.0,0.0,0.0,1.0,0.0,0.0,0.0,0.0,0.0,0.0,1.0,0.0,0.0,0.0,0.0,0.0,0.0,0.0,0.0,0.0,0.0,0.0,0.0,1.0,0.0,0.0,0.0,1.0,0.0,0.0,0.0,0.0,1.0,0.0,0.0,1.0,0.0,0.0,0.0,1.0,0.0,0.0,1.0,0.0,0.0,0.0,0.0,1.0,0.0,0.0,0.0,0.0,0.0,0.0,0.0,1.0,0.0,0.0,1.0,1.0,0.0,0.0,0.0,1.0,0.0,0.0,0.0,0.6088560640568134,0.7832435057594184,0.6774603885013091,0.706288224215729,0.5069781182565546,0.44878137039059324,0.6615528624857735,0.8722018827505511,0.6690329531436336,0.7741084831390562,0.7210558082232867,0.6402143100526199,0.4899912880516858,0.4565406494501939,0.5350197551421579,0.4794388394203775,0.6505023204602534,0.6437127210465221,1.0,0.0,1.0,1.0,0.0,0.0,0.0,1.0,0.0,0.0,1.0,6.0
9.0,0.0,1.0,0.0,0.0,0.0,0.0,0.0,0.0,0.0,1.0,0.0,0.0,0.0,1.0,1.0,0.0,0.0,1.0,0.0,0.0,0.0,0.0,1.0,0.0,1.0,0.0,0.0,0.0,0.0,0.0,0.0,0.0,0.0,0.0,0.0,0.0,0.0,1.0,1.0,0.0,0.0,1.0,0.0,0.0,0.0,0.0,1.0,0.0,0.0,1.0,0.0,0.0,0.0,1.0,0.0,0.0,1.0,0.0,0.0,0.0,0.0,1.0,0.0,0.0,0.0,0.0,0.0,0.0,0.0,1.0,0.0,0.0,0.0,1.0,0.0,0.0,0.0,1.0,0.0,0.0,0.0,0.6087495652796718,0.7839577147958084,0.6846160507607395,0.7028838297173982,0.49780639170493285,0.47242710036632696,0.6387918419839949,0.8264168820990432,0.5672602169568433,0.7752981387360734,0.742839143378748,0.6303623259681445,0.5499391213191552,0.490891045396767,0.5241098628068266,0.45899626597640153,0.6511588616444208,0.643793203640033,1.0,0.0,1.0,1.0,0.0,0.0,0.0,1.0,0.0,0.0,1.0,6.0
9.0,0.0,1.0,0.0,0.0,0.0,0.0,0.0,0.0,0.0,1.0,0.0,0.0,0.0,1.0,1.0,0.0,0.0,1.0,0.0,0.0,0.0,0.0,1.0,0.0,1.0,0.0,0.0,0.0,0.0,0.0,0.0,0.0,0.0,0.0,0.0,0.0,0.0,1.0,1.0,0.0,0.0,1.0,0.0,0.0,0.0,0.0,1.0,0.0,0.0,1.0,0.0,0.0,0.0,1.0,0.0,0.0,1.0,0.0,0.0,0.0,0.0,1.0,0.0,0.0,0.0,0.0,0.0,0.0,0.0,1.0,0.0,0.0,0.0,1.0,0.0,0.0,0.0,1.0,0.0,0.0,0.0,0.5968270644648878,0.7831885215917898,0.6784302472122957,0.7066652124504322,0.5163671973288011,0.4775251323707294,0.7242978818232149,0.8370820084652347,0.566928695347713,0.78455580739223,0.7295707972983385,0.6391492315852517,0.527505372667766,0.4826619529519704,0.5481005243281476,0.47909745114821556,0.6892703127695858,0.6436836108997364,1.0,0.0,1.0,1.0,0.0,0.0,0.0,1.0,0.0,0.0,1.0,6.0
9.0,0.0,1.0,0.0,0.0,1.0,0.0,0.0,0.0,0.0,1.0,0.0,0.0,0.0,1.0,1.0,0.0,0.0,1.0,0.0,0.0,0.0,0.0,0.0,0.0,1.0,1.0,0.0,0.0,0.0,0.0,0.0,0.0,0.0,0.0,0.0,0.0,1.0,1.0,0.0,0.0,0.0,1.0,0.0,0.0,0.0,0.0,1.0,0.0,0.0,1.0,0.0,0.0,0.0,1.0,0.0,0.0,1.0,0.0,0.0,0.0,0.0,1.0,0.0,0.0,0.0,1.0,0.0,0.0,0.0,1.0,0.0,0.0,0.0,1.0,0.0,0.0,0.0,1.0,0.0,0.0,0.0,0.5964509697037421,0.7831970968991742,0.679522439050007,0.7023466438039084,0.5136858007912031,0.47140112524410377,0.6112013956982673,0.8265292307949457,0.5930779905554336,0.775113470284048,0.5773964425809378,0.6389991396074527,0.46188324942479,0.4229011163202123,0.5272641603511955,0.5135333904706111,0.6447457908914783,0.6611438500133346,1.0,0.0,1.0,1.0,0.0,0.0,0.0,1.0,0.0,0.0,1.0,6.0
9.0,0.0,1.0,0.0,0.0,0.0,0.0,0.0,0.0,1.0,1.0,0.0,0.0,0.0,1.0,1.0,0.0,0.0,0.0,0.0,0.0,0.0,0.0,1.0,0.0,1.0,0.0,0.0,0.0,0.0,0.0,0.0,0.0,0.0,0.0,0.0,1.0,0.0,1.0,1.0,0.0,0.0,1.0,0.0,0.0,0.0,0.0,1.0,0.0,0.0,1.0,0.0,0.0,0.0,0.0,0.0,0.0,1.0,0.0,0.0,0.0,0.0,1.0,0.0,0.0,0.0,0.0,0.0,0.0,0.0,1.0,0.0,0.0,1.0,0.0,0.0,1.0,0.0,0.0,0.0,0.0,0.0,0.6086875361588401,0.783280651413498,0.6774877161737606,0.7062727035029241,0.5086166705499191,0.44598912267172885,0.7760278217660838,0.6624096443231956,0.5599629482881462,0.7681643469764479,0.8383701329975942,0.637861136175403,0.5308401205179961,0.4894446930958581,0.5646472548117483,0.47144174432651076,0.7399581590912281,0.6432164402424554,1.0,0.0,1.0,1.0,0.0,0.0,0.0,1.0,0.0,0.0,1.0,6.0
9.0,0.0,1.0,0.0,0.0,0.0,0.0,0.0,0.0,1.0,1.0,0.0,0.0,0.0,1.0,1.0,0.0,0.0,0.0,0.0,0.0,0.0,0.0,1.0,0.0,1.0,0.0,0.0,0.0,0.0,0.0,0.0,0.0,0.0,0.0,0.0,0.0,0.0,1.0,1.0,0.0,0.0,1.0,0.0,0.0,0.0,0.0,1.0,0.0,0.0,1.0,0.0,0.0,0.0,1.0,0.0,0.0,1.0,0.0,0.0,0.0,0.0,1.0,0.0,0.0,0.0,0.0,0.0,0.0,0.0,1.0,0.0,0.0,1.0,0.0,0.0,0.0,0.0,1.0,0.0,0.0,0.0,0.6087352162513084,0.7832476908954958,0.6803449913673517,0.7062960704885036,0.46368449624348995,0.4284843289908614,0.6158382997120668,0.8514530660783121,0.5590946942894945,0.7693650750681276,0.8389396693066432,0.6365787756627341,0.4990895264634863,0.42284860149229797,0.5340096660103785,0.2558172480479149,0.6475778461234067,0.643248639846329,1.0,0.0,1.0,1.0,0.0,0.0,0.0,1.0,0.0,0.0,1.0,6.0
9.0,0.0,1.0,0.0,0.0,0.0,0.0,0.0,0.0,1.0,1.0,0.0,0.0,0.0,1.0,1.0,0.0,0.0,1.0,0.0,0.0,0.0,0.0,0.0,0.0,1.0,0.0,0.0,0.0,0.0,0.0,0.0,0.0,0.0,0.0,0.0,0.0,0.0,1.0,0.0,0.0,0.0,1.0,0.0,0.0,0.0,0.0,1.0,0.0,0.0,1.0,0.0,0.0,0.0,1.0,0.0,0.0,1.0,0.0,0.0,0.0,0.0,1.0,0.0,0.0,0.0,0.0,0.0,0.0,0.0,1.0,0.0,0.0,1.0,1.0,0.0,0.0,0.0,1.0,0.0,0.0,0.0,0.6100469855840557,0.7838439996785977,0.6803072276464939,0.7067863668503052,0.5123677512168718,0.42884887673091454,0.6429399681041063,0.8328535814163983,0.6661345234177943,0.7655313888677431,0.7375502663518239,0.6362718977140488,0.526861897786247,0.42466684228920304,0.6167069603769924,0.45589609478820237,0.6507377517454914,0.6422583426764208,1.0,0.0,1.0,1.0,0.0,0.0,0.0,1.0,0.0,0.0,1.0,6.0
9.0,0.0,1.0,0.0,0.0,0.0,0.0,0.0,0.0,0.0,1.0,0.0,0.0,0.0,1.0,1.0,0.0,0.0,1.0,0.0,0.0,0.0,0.0,1.0,0.0,1.0,0.0,0.0,0.0,0.0,0.0,0.0,0.0,0.0,0.0,0.0,0.0,0.0,1.0,1.0,0.0,0.0,1.0,0.0,0.0,0.0,0.0,1.0,0.0,0.0,1.0,0.0,0.0,0.0,1.0,0.0,0.0,1.0,0.0,0.0,0.0,0.0,1.0,0.0,0.0,0.0,0.0,0.0,0.0,0.0,1.0,0.0,0.0,0.0,1.0,0.0,0.0,0.0,1.0,0.0,0.0,0.0,0.6086875361588401,0.783280651413498,0.6775519167064687,0.7073387950093917,0.5086166705499191,0.4722022521766921,0.7716861623590948,0.6624096443231956,0.5599629482881462,0.7681643469764479,0.8383701329975942,0.6306495491803717,0.5308401205179961,0.48935714322083085,0.5646472548117483,0.4589709716880995,0.7399581590912281,0.6725851805684038,1.0,0.0,1.0,1.0,0.0,0.0,0.0,1.0,0.0,0.0,1.0,6.0
9.0,0.0,1.0,0.0,0.0,0.0,0.0,0.0,0.0,0.0,1.0,0.0,0.0,0.0,1.0,1.0,0.0,0.0,1.0,0.0,0.0,0.0,0.0,1.0,0.0,1.0,0.0,0.0,0.0,0.0,0.0,0.0,0.0,0.0,0.0,0.0,0.0,0.0,1.0,1.0,0.0,0.0,1.0,0.0,0.0,0.0,0.0,1.0,0.0,0.0,1.0,0.0,0.0,0.0,1.0,0.0,0.0,1.0,0.0,0.0,0.0,0.0,1.0,0.0,0.0,0.0,0.0,0.0,0.0,0.0,1.0,0.0,0.0,0.0,1.0,0.0,0.0,0.0,1.0,0.0,0.0,0.0,0.6096725589752338,0.7831277960459698,0.6845040441223486,0.7066639707742006,0.5299354920081469,0.4371663562685177,0.6579022995034259,0.729252349196024,0.5784937158110594,0.7742857513818046,0.7462363224785733,0.6311491089552752,0.5217505972501494,0.4810520692363728,0.5623658683069029,0.47148588844261824,0.6459871257564052,0.6436833557773036,1.0,0.0,1.0,1.0,0.0,0.0,0.0,1.0,0.0,0.0,1.0,6.0
9.0,0.0,1.0,0.0,0.0,0.0,0.0,0.0,0.0,0.0,1.0,0.0,0.0,0.0,1.0,1.0,0.0,0.0,1.0,0.0,0.0,0.0,0.0,1.0,0.0,1.0,0.0,0.0,0.0,0.0,0.0,0.0,0.0,0.0,0.0,0.0,0.0,0.0,1.0,1.0,0.0,0.0,1.0,0.0,0.0,0.0,0.0,1.0,0.0,0.0,1.0,0.0,0.0,0.0,1.0,0.0,0.0,1.0,0.0,0.0,0.0,0.0,1.0,0.0,0.0,0.0,0.0,0.0,0.0,0.0,1.0,0.0,0.0,0.0,1.0,0.0,0.0,0.0,1.0,0.0,0.0,0.0,0.6101305910545715,0.7831277960459698,0.6841333726993224,0.7065051641915214,0.5123582783248402,0.43733287952071653,0.6579022995034259,0.6516020659184276,0.567045013928905,0.7742868758700794,0.7462363224785733,0.6354361267494844,0.5217531124185897,0.46786717084624957,0.5345449465554942,0.47204998039971474,0.6666045376746313,0.6436276254506332,1.0,0.0,1.0,1.0,0.0,0.0,0.0,1.0,0.0,0.0,1.0,6.0
9.0,0.0,1.0,0.0,0.0,0.0,0.0,0.0,0.0,0.0,1.0,0.0,0.0,0.0,1.0,1.0,0.0,0.0,1.0,0.0,0.0,0.0,0.0,1.0,0.0,1.0,0.0,0.0,0.0,0.0,0.0,0.0,0.0,0.0,0.0,0.0,0.0,0.0,1.0,1.0,0.0,0.0,1.0,0.0,0.0,0.0,0.0,1.0,0.0,0.0,1.0,0.0,0.0,0.0,1.0,0.0,0.0,1.0,0.0,0.0,0.0,0.0,1.0,0.0,0.0,0.0,0.0,0.0,0.0,0.0,1.0,0.0,0.0,0.0,1.0,0.0,0.0,0.0,1.0,0.0,0.0,0.0,0.6089781482046595,0.7830967192553766,0.680518083682858,0.7062614279207499,0.4624105088044986,0.44547940351518384,0.6594736796329878,0.8408973203279597,0.5590972576821597,0.7685177067478369,0.8389802079195006,0.6353904875412479,0.481533267645995,0.4127788796797257,0.5225880699886822,0.5019857995492257,0.6512677921567582,0.6444350894041437,1.0,0.0,1.0,1.0,0.0,0.0,0.0,1.0,0.0,0.0,1.0,6.0
9.0,0.0,1.0,0.0,0.0,0.0,0.0,0.0,0.0,1.0,1.0,0.0,0.0,0.0,1.0,1.0,0.0,0.0,0.0,0.0,0.0,0.0,0.0,0.0,0.0,1.0,0.0,0.0,0.0,0.0,0.0,0.0,1.0,0.0,0.0,0.0,0.0,0.0,1.0,0.0,1.0,0.0,1.0,0.0,0.0,0.0,0.0,1.0,0.0,0.0,1.0,0.0,0.0,0.0,1.0,0.0,0.0,1.0,0.0,0.0,0.0,0.0,1.0,0.0,0.0,0.0,0.0,0.0,0.0,0.0,1.0,0.0,0.0,1.0,0.0,0.0,0.0,0.0,1.0,0.0,0.0,0.0,0.6086786413117703,0.783035474066887,0.6852535829694064,0.7065333230470885,0.5124540411114948,0.45574636628731113,0.659435434365461,0.6620872130757528,0.5522657881260817,0.7644897700431418,0.7818796987864209,0.6357122040279022,0.5094581253308784,0.42243338357133536,0.5278605348296099,0.47333739122511076,0.6504172080678894,0.6465158981839555,1.0,0.0,1.0,1.0,0.0,0.0,0.0,1.0,0.0,0.0,1.0,6.0
9.0,0.0,1.0,0.0,0.0,0.0,0.0,0.0,0.0,1.0,1.0,0.0,0.0,0.0,1.0,1.0,0.0,0.0,1.0,0.0,0.0,0.0,0.0,0.0,0.0,1.0,0.0,0.0,0.0,0.0,0.0,0.0,0.0,0.0,0.0,0.0,0.0,0.0,1.0,0.0,0.0,0.0,1.0,0.0,0.0,0.0,0.0,1.0,0.0,0.0,1.0,0.0,0.0,0.0,1.0,0.0,0.0,1.0,0.0,0.0,0.0,0.0,1.0,0.0,0.0,0.0,0.0,0.0,0.0,0.0,1.0,0.0,0.0,1.0,1.0,0.0,0.0,0.0,1.0,0.0,0.0,0.0,0.5831167084802052,0.7856143906565006,0.6775009836217184,0.7041741959742299,0.5065583270675508,0.46642787086567755,0.637639518053534,0.835122077293584,0.5592552576489025,0.7755746543755252,0.7345228954131438,0.6305197780773908,0.5472750174694948,0.45563208372381714,0.5348143751377997,0.4555597568568097,0.6276638382855684,0.6555749289014923,1.0,0.0,1.0,1.0,0.0,0.0,0.0,1.0,0.0,0.0,1.0,6.0
9.0,0.0,1.0,0.0,0.0,0.0,0.0,0.0,0.0,1.0,1.0,0.0,0.0,0.0,1.0,1.0,0.0,0.0,1.0,0.0,0.0,0.0,0.0,0.0,0.0,1.0,0.0,0.0,0.0,0.0,0.0,0.0,0.0,0.0,0.0,0.0,0.0,0.0,1.0,0.0,0.0,0.0,1.0,0.0,0.0,0.0,0.0,1.0,0.0,0.0,1.0,0.0,0.0,0.0,1.0,0.0,0.0,1.0,0.0,0.0,0.0,0.0,1.0,0.0,0.0,0.0,0.0,0.0,0.0,0.0,1.0,0.0,0.0,1.0,1.0,0.0,0.0,0.0,1.0,0.0,0.0,0.0,0.581418036406195,0.7856910923351625,0.6796197187805055,0.7056987732069487,0.5123677512168718,0.4314919754197925,0.6429399681041063,0.8360432463760289,0.66598625965684,0.7654884989037698,0.745015785467178,0.6300142828079527,0.5235291548204625,0.37721971076748445,0.6178643934854048,0.3688105345211211,0.6326303209264971,0.6579894604903305,1.0,0.0,1.0,1.0,0.0,0.0,0.0,1.0,0.0,0.0,1.0,6.0
9.0,0.0,1.0,0.0,0.0,0.0,0.0,0.0,0.0,1.0,1.0,0.0,0.0,0.0,1.0,1.0,0.0,0.0,1.0,0.0,0.0,0.0,0.0,1.0,0.0,1.0,0.0,0.0,0.0,0.0,0.0,0.0,0.0,0.0,0.0,0.0,0.0,0.0,1.0,1.0,0.0,0.0,1.0,0.0,0.0,0.0,0.0,1.0,0.0,0.0,1.0,0.0,0.0,0.0,0.0,0.0,0.0,1.0,0.0,0.0,0.0,0.0,1.0,0.0,0.0,0.0,0.0,0.0,0.0,0.0,1.0,0.0,0.0,1.0,1.0,0.0,0.0,0.0,0.0,0.0,0.0,0.0,0.634085856035266,0.7841023807007422,0.7059133391581613,0.7070715660458473,0.48184297082277416,0.3718227744634266,0.6556410109441402,0.6737412297690474,0.5935895922993351,0.771718732600241,0.8232560599819695,0.6038129885977785,0.48084956176723737,0.48744244469387465,0.5332776141628771,0.49998076757268184,0.6527940354243167,0.6431649613492114,1.0,0.0,1.0,1.0,0.0,0.0,0.0,1.0,0.0,0.0,1.0,6.0
9.0,0.0,1.0,0.0,0.0,0.0,0.0,0.0,0.0,0.0,1.0,0.0,0.0,0.0,1.0,1.0,0.0,0.0,1.0,0.0,0.0,0.0,0.0,1.0,0.0,1.0,0.0,0.0,0.0,0.0,0.0,0.0,0.0,0.0,0.0,0.0,0.0,0.0,1.0,1.0,0.0,0.0,1.0,0.0,0.0,0.0,0.0,1.0,0.0,0.0,1.0,0.0,0.0,0.0,1.0,0.0,0.0,1.0,0.0,0.0,0.0,0.0,1.0,0.0,0.0,0.0,0.0,0.0,0.0,0.0,1.0,0.0,0.0,0.0,1.0,0.0,0.0,0.0,1.0,0.0,0.0,0.0,0.5949419082749774,0.7773587821515271,0.6692739903200497,0.7014998513609443,0.455559129033022,0.47205960403212494,0.7244582227051986,0.7304298052143104,0.5530517517170718,0.7654501011983099,0.820459681194594,0.6378167980211211,0.5215814064936257,0.4826619529519704,0.5471173123097817,0.4796880995651261,0.7355090561119876,0.6436797112500755,1.0,0.0,1.0,1.0,0.0,0.0,0.0,1.0,0.0,0.0,1.0,6.0
9.0,0.0,1.0,0.0,0.0,0.0,0.0,0.0,0.0,0.0,1.0,0.0,0.0,0.0,1.0,1.0,0.0,0.0,1.0,0.0,0.0,0.0,0.0,1.0,0.0,1.0,0.0,0.0,0.0,0.0,0.0,0.0,0.0,0.0,0.0,0.0,0.0,0.0,1.0,1.0,0.0,0.0,1.0,0.0,0.0,0.0,0.0,1.0,0.0,0.0,1.0,0.0,0.0,0.0,1.0,0.0,0.0,1.0,0.0,0.0,0.0,0.0,1.0,0.0,0.0,0.0,0.0,0.0,0.0,0.0,1.0,0.0,0.0,0.0,1.0,0.0,0.0,0.0,1.0,0.0,0.0,0.0,0.6054810060763787,0.7833700435235962,0.6809559033515677,0.7077287754749897,0.4863618443042754,0.4880646461008992,0.6118273738058004,0.819552119164673,0.5766954911491866,0.7817737470774745,0.8160611664293925,0.6394212363090978,0.4967307434003061,0.483198601520539,0.5368074846335152,0.4962460096480067,0.6679424581385699,0.6454205934739494,1.0,0.0,1.0,1.0,0.0,0.0,0.0,1.0,0.0,0.0,1.0,6.0
9.0,0.0,1.0,0.0,0.0,0.0,0.0,0.0,0.0,1.0,1.0,0.0,0.0,0.0,1.0,1.0,0.0,0.0,0.0,0.0,0.0,0.0,0.0,1.0,0.0,1.0,0.0,0.0,0.0,0.0,0.0,0.0,0.0,0.0,0.0,0.0,1.0,0.0,1.0,1.0,0.0,0.0,1.0,0.0,0.0,0.0,0.0,1.0,0.0,0.0,1.0,0.0,0.0,0.0,0.0,0.0,0.0,1.0,0.0,0.0,0.0,0.0,1.0,0.0,0.0,0.0,0.0,0.0,0.0,0.0,1.0,0.0,0.0,1.0,0.0,0.0,1.0,0.0,0.0,0.0,0.0,0.0,0.6064425356942224,0.7772329159587175,0.6819213890305565,0.7019058949337827,0.4856345590310148,0.4548597745031275,0.6533906855992901,0.6641235963424019,0.5773700119196764,0.7686141264073147,0.8175690790535155,0.6315996452245509,0.5089438721871324,0.4250734426200196,0.5309229117402061,0.5119107280257493,0.6497129910432725,0.6566449837446405,1.0,0.0,1.0,1.0,0.0,0.0,0.0,1.0,0.0,0.0,1.0,6.0
9.0,0.0,1.0,0.0,0.0,0.0,0.0,0.0,0.0,1.0,1.0,0.0,0.0,0.0,1.0,1.0,0.0,0.0,1.0,0.0,0.0,0.0,0.0,1.0,0.0,1.0,0.0,0.0,0.0,0.0,0.0,0.0,0.0,0.0,0.0,0.0,0.0,0.0,1.0,1.0,0.0,0.0,1.0,0.0,0.0,0.0,0.0,1.0,0.0,0.0,1.0,0.0,0.0,0.0,0.0,0.0,0.0,1.0,0.0,0.0,0.0,0.0,1.0,0.0,0.0,0.0,0.0,0.0,0.0,0.0,1.0,0.0,0.0,1.0,1.0,0.0,0.0,0.0,0.0,0.0,0.0,0.0,0.6102247056344373,0.7818867557090394,0.6796163738720069,0.7048922782239019,0.5124393177655032,0.4465030282137447,0.7227225669251108,0.6626238135199559,0.5611026146192082,0.7639723897724178,0.8367308374661908,0.6373256190583374,0.5059765723734484,0.47467437895470366,0.5781982199756069,0.5295641670511959,0.6473480884653052,0.6423588635178287,1.0,0.0,1.0,1.0,0.0,0.0,0.0,1.0,0.0,0.0,1.0,6.0
9.0,0.0,1.0,0.0,0.0,0.0,0.0,0.0,0.0,0.0,1.0,0.0,0.0,0.0,1.0,1.0,0.0,0.0,1.0,0.0,0.0,0.0,0.0,1.0,0.0,1.0,0.0,0.0,0.0,0.0,0.0,0.0,0.0,0.0,0.0,0.0,0.0,0.0,1.0,1.0,0.0,0.0,1.0,0.0,0.0,0.0,0.0,1.0,0.0,0.0,1.0,0.0,0.0,0.0,1.0,0.0,0.0,1.0,0.0,0.0,0.0,0.0,1.0,0.0,0.0,0.0,0.0,0.0,0.0,0.0,1.0,0.0,0.0,0.0,1.0,0.0,0.0,0.0,1.0,0.0,0.0,0.0,0.6028560496169093,0.7882656121280119,0.6774134847378169,0.7120584791935389,0.5094308826365226,0.4879516077290304,0.6126017319458018,0.8137319517132442,0.5741420946037554,0.7793308217333793,0.7941550482651827,0.6297881159821779,0.54654458737222,0.483198601520539,0.5627291906435049,0.4962460096480067,0.6680004261147969,0.6454205934739494,1.0,0.0,1.0,1.0,0.0,0.0,0.0,1.0,0.0,0.0,1.0,6.0
9.0,0.0,1.0,0.0,0.0,0.0,0.0,0.0,0.0,1.0,1.0,0.0,0.0,0.0,1.0,1.0,0.0,0.0,1.0,0.0,0.0,0.0,0.0,1.0,0.0,1.0,0.0,0.0,0.0,0.0,0.0,0.0,0.0,0.0,0.0,0.0,0.0,0.0,1.0,1.0,0.0,0.0,1.0,0.0,0.0,0.0,0.0,1.0,0.0,0.0,1.0,0.0,0.0,0.0,0.0,0.0,0.0,1.0,0.0,0.0,0.0,0.0,1.0,0.0,0.0,0.0,0.0,0.0,0.0,0.0,1.0,0.0,0.0,1.0,1.0,0.0,0.0,0.0,0.0,0.0,0.0,0.0,0.6111920401567885,0.7727813191591318,0.6791247089500037,0.6972417775427222,0.5034054284602022,0.4894126272165432,0.6558810413617567,0.6790576923052066,0.5600838385788468,0.7556275433607538,0.8272176725572227,0.6007119644297927,0.5286892546328015,0.48744244469387465,0.5379139490853976,0.49748142936805223,0.6517046315532005,0.6431649613492114,1.0,0.0,1.0,1.0,0.0,0.0,0.0,1.0,0.0,0.0,1.0,6.0
9.0,0.0,1.0,0.0,0.0,0.0,0.0,0.0,0.0,1.0,1.0,0.0,0.0,0.0,1.0,1.0,0.0,0.0,1.0,0.0,0.0,0.0,0.0,0.0,0.0,1.0,0.0,0.0,0.0,0.0,0.0,0.0,0.0,0.0,0.0,0.0,0.0,0.0,1.0,0.0,0.0,0.0,1.0,0.0,0.0,0.0,0.0,1.0,0.0,0.0,1.0,0.0,0.0,0.0,1.0,0.0,0.0,1.0,0.0,0.0,0.0,0.0,1.0,0.0,0.0,0.0,0.0,0.0,0.0,0.0,1.0,0.0,0.0,1.0,1.0,0.0,0.0,0.0,1.0,0.0,0.0,0.0,0.5824736848319977,0.7865939579823357,0.680164070001837,0.7059866574932208,0.5131751855565356,0.48816562593304996,0.6140292539483935,0.8196072566848516,0.563141412466085,0.7759382325173116,0.7196360110039532,0.6367386286146672,0.5485629798860246,0.4588391794532521,0.5052096555120293,0.45535234998045454,0.6253122608279781,0.6563044780953043,1.0,0.0,1.0,1.0,0.0,0.0,0.0,1.0,0.0,0.0,1.0,6.0
9.0,0.0,1.0,0.0,0.0,0.0,0.0,0.0,0.0,0.0,1.0,0.0,0.0,0.0,1.0,1.0,0.0,0.0,1.0,0.0,0.0,0.0,0.0,1.0,0.0,1.0,0.0,0.0,0.0,0.0,0.0,0.0,0.0,0.0,0.0,0.0,0.0,0.0,1.0,1.0,0.0,0.0,1.0,0.0,0.0,0.0,0.0,1.0,0.0,0.0,1.0,0.0,0.0,0.0,1.0,0.0,0.0,1.0,0.0,0.0,0.0,0.0,1.0,0.0,0.0,0.0,0.0,0.0,0.0,0.0,1.0,0.0,0.0,0.0,1.0,0.0,0.0,0.0,1.0,0.0,0.0,0.0,0.6089134090619636,0.7798412172261517,0.6808146239380133,0.703832351360497,0.46326224249065845,0.44288514076078034,0.6390565296691947,0.6710784649750341,0.5612556218181994,0.7655814310733273,0.8399272654257978,0.6347130480784375,0.481533267645995,0.43230114302347233,0.4678055715622702,0.5019857995492257,0.6506334185439273,0.6444350894041437,1.0,0.0,1.0,1.0,0.0,0.0,0.0,1.0,0.0,0.0,1.0,6.0
9.0,0.0,1.0,0.0,0.0,0.0,0.0,0.0,0.0,1.0,1.0,0.0,0.0,0.0,1.0,1.0,0.0,0.0,1.0,0.0,0.0,0.0,0.0,0.0,0.0,1.0,0.0,0.0,0.0,0.0,0.0,0.0,0.0,0.0,0.0,0.0,0.0,0.0,1.0,0.0,0.0,0.0,1.0,0.0,0.0,0.0,0.0,1.0,0.0,0.0,1.0,0.0,0.0,0.0,1.0,0.0,0.0,1.0,0.0,0.0,0.0,0.0,1.0,0.0,0.0,0.0,0.0,0.0,0.0,0.0,1.0,0.0,0.0,1.0,1.0,0.0,0.0,0.0,1.0,0.0,0.0,0.0,0.581420924160966,0.7859766569194742,0.6748730351658426,0.701080387157588,0.5123677512168718,0.4314919754197925,0.6429399681041063,0.8360432463760289,0.66598625965684,0.7654884989037698,0.734390852082883,0.6299951851770184,0.5305656638888337,0.37721971076748445,0.6172329429028836,0.4489731037707445,0.6340705807852012,0.6590743209320657,1.0,0.0,1.0,1.0,0.0,0.0,0.0,1.0,0.0,0.0,1.0,6.0
9.0,0.0,1.0,0.0,0.0,0.0,0.0,0.0,0.0,1.0,1.0,0.0,0.0,0.0,1.0,1.0,0.0,0.0,1.0,0.0,0.0,0.0,0.0,1.0,0.0,1.0,0.0,0.0,0.0,0.0,0.0,0.0,0.0,0.0,0.0,0.0,0.0,0.0,1.0,1.0,0.0,0.0,1.0,0.0,0.0,0.0,0.0,1.0,0.0,0.0,1.0,0.0,0.0,0.0,0.0,0.0,0.0,1.0,0.0,0.0,0.0,0.0,1.0,0.0,0.0,0.0,0.0,0.0,0.0,0.0,1.0,0.0,0.0,1.0,1.0,0.0,0.0,0.0,0.0,0.0,0.0,0.0,0.6052061594686212,0.7784361408033956,0.6794431116815854,0.702371821857555,0.19991274343692939,0.37893705046758824,0.659701367578393,0.8237462054246217,0.5675452614611692,0.7769166261588427,0.8213445387870135,0.6149876678542937,0.36793633655954894,0.25873994493546865,0.5799647067268626,0.512003048204352,0.6513090298200638,0.6437141822610636,1.0,0.0,1.0,1.0,0.0,0.0,0.0,1.0,0.0,0.0,1.0,6.0
9.0,0.0,1.0,0.0,0.0,0.0,0.0,0.0,0.0,1.0,1.0,0.0,0.0,0.0,1.0,1.0,0.0,0.0,0.0,0.0,0.0,0.0,0.0,1.0,0.0,1.0,0.0,0.0,0.0,0.0,0.0,0.0,0.0,0.0,0.0,0.0,0.0,0.0,1.0,1.0,0.0,0.0,1.0,0.0,0.0,0.0,0.0,1.0,0.0,0.0,1.0,0.0,0.0,0.0,1.0,0.0,0.0,1.0,0.0,0.0,0.0,0.0,1.0,0.0,0.0,0.0,0.0,0.0,0.0,0.0,1.0,0.0,0.0,1.0,0.0,0.0,0.0,0.0,1.0,0.0,0.0,0.0,0.6185385219290915,0.7814328049035424,0.6896390254558312,0.7019307041151228,0.4994524278045429,0.29487778126792197,0.6566453252942703,0.8264399216814139,0.5668359280887233,0.7612482295221177,0.8391331852331841,0.632460938319585,0.4862340106806572,0.26639497094572917,0.5776495117506798,0.30879356886638964,0.6504604121417144,0.6443808395048768,1.0,0.0,1.0,1.0,0.0,0.0,0.0,1.0,0.0,0.0,1.0,6.0
9.0,0.0,1.0,0.0,0.0,0.0,0.0,0.0,0.0,0.0,1.0,0.0,0.0,0.0,1.0,1.0,0.0,0.0,1.0,0.0,0.0,0.0,0.0,1.0,0.0,1.0,0.0,0.0,0.0,0.0,0.0,0.0,0.0,0.0,0.0,0.0,0.0,0.0,1.0,1.0,0.0,0.0,1.0,0.0,0.0,0.0,0.0,1.0,0.0,0.0,1.0,0.0,0.0,0.0,1.0,0.0,0.0,1.0,0.0,0.0,0.0,0.0,1.0,0.0,0.0,0.0,0.0,0.0,0.0,0.0,1.0,0.0,0.0,0.0,1.0,0.0,0.0,0.0,1.0,0.0,0.0,0.0,0.5989606813166363,0.7768777769201426,0.6721884701217817,0.701006439531913,0.45232669716957874,0.37386618565945634,0.7228820181651922,0.6052399328274984,0.5551641960446096,0.762567957395756,0.8025355847509171,0.6073196466536254,0.49597674978675244,0.4118719607336434,0.5031321283482095,0.46780514524703914,0.6690317722843578,0.646828221220734,1.0,0.0,1.0,1.0,0.0,0.0,0.0,1.0,0.0,0.0,1.0,6.0
9.0,0.0,1.0,0.0,0.0,0.0,0.0,0.0,0.0,0.0,1.0,0.0,0.0,0.0,1.0,1.0,0.0,0.0,1.0,0.0,0.0,0.0,0.0,1.0,0.0,1.0,0.0,0.0,0.0,0.0,0.0,0.0,0.0,0.0,0.0,0.0,0.0,0.0,1.0,1.0,0.0,0.0,1.0,0.0,0.0,0.0,0.0,1.0,0.0,0.0,1.0,0.0,0.0,0.0,1.0,0.0,0.0,1.0,0.0,0.0,0.0,0.0,1.0,0.0,0.0,0.0,0.0,0.0,0.0,0.0,1.0,0.0,0.0,0.0,1.0,0.0,0.0,0.0,1.0,0.0,0.0,0.0,0.6068534597378399,0.7827640976275138,0.6840305856707133,0.7099386016984984,0.5052596570247896,0.43194717858192866,0.6654807662433821,0.7313164057686098,0.5766453992343145,0.7718998012182737,0.8140208981985486,0.6303347917310795,0.5214508064814417,0.4669115775816148,0.5368510337289655,0.4714025683726229,0.7351676551431077,0.6848777175581285,1.0,0.0,1.0,1.0,0.0,0.0,0.0,1.0,0.0,0.0,1.0,6.0
9.0,0.0,1.0,0.0,0.0,0.0,0.0,0.0,0.0,0.0,1.0,0.0,0.0,0.0,1.0,1.0,0.0,0.0,1.0,0.0,0.0,0.0,0.0,1.0,0.0,1.0,0.0,0.0,0.0,0.0,0.0,0.0,0.0,0.0,0.0,0.0,0.0,0.0,1.0,1.0,0.0,0.0,1.0,0.0,0.0,0.0,0.0,1.0,0.0,0.0,1.0,0.0,0.0,0.0,1.0,0.0,0.0,1.0,0.0,0.0,0.0,0.0,1.0,0.0,0.0,0.0,0.0,0.0,0.0,0.0,1.0,0.0,0.0,0.0,1.0,0.0,0.0,0.0,1.0,0.0,0.0,0.0,0.6100952906805448,0.7831277960459698,0.6842762368002038,0.7080677979249366,0.5094502970225295,0.44032604248943696,0.6579022995034259,0.5999920579724328,0.5783118722928694,0.7752111042797892,0.7462363224785733,0.6142583012815902,0.5217511850662182,0.42191600382800093,0.5634911833368385,0.412258673407295,0.6484650945589875,0.6436276254506332,1.0,0.0,1.0,1.0,0.0,0.0,0.0,1.0,0.0,0.0,1.0,6.0
9.0,0.0,1.0,0.0,0.0,0.0,0.0,0.0,0.0,0.0,1.0,0.0,0.0,0.0,1.0,1.0,0.0,0.0,1.0,0.0,0.0,0.0,0.0,1.0,0.0,1.0,0.0,0.0,0.0,0.0,0.0,0.0,0.0,0.0,0.0,0.0,0.0,0.0,1.0,1.0,0.0,0.0,1.0,0.0,0.0,0.0,0.0,1.0,0.0,0.0,1.0,0.0,0.0,0.0,1.0,0.0,0.0,1.0,0.0,0.0,0.0,0.0,1.0,0.0,0.0,0.0,0.0,0.0,0.0,0.0,1.0,0.0,0.0,0.0,1.0,0.0,0.0,0.0,1.0,0.0,0.0,0.0,0.602474589730867,0.7796517338375276,0.6772137225467338,0.7034545593103678,0.1968180256317585,0.38372447544335736,0.659774020971018,0.8237462054246217,0.5604697278106049,0.7777641115030747,0.8205690520921344,0.6154415639337651,0.36793633655954894,0.3389474854223581,0.5639886532149453,0.5115788196155102,0.6512445418571918,0.643190125629678,1.0,0.0,1.0,1.0,0.0,0.0,0.0,1.0,0.0,0.0,1.0,6.0
9.0,0.0,1.0,0.0,0.0,0.0,0.0,0.0,0.0,1.0,1.0,0.0,0.0,0.0,1.0,1.0,0.0,0.0,1.0,0.0,0.0,0.0,0.0,1.0,0.0,1.0,0.0,0.0,0.0,0.0,0.0,0.0,0.0,0.0,0.0,0.0,0.0,0.0,1.0,1.0,0.0,0.0,1.0,0.0,0.0,0.0,0.0,1.0,0.0,0.0,1.0,0.0,0.0,0.0,0.0,0.0,0.0,1.0,0.0,0.0,0.0,0.0,1.0,0.0,0.0,0.0,0.0,0.0,0.0,0.0,1.0,0.0,0.0,1.0,1.0,0.0,0.0,0.0,0.0,0.0,0.0,0.0,0.6076350002822415,0.784409944563038,0.6815418167849534,0.7066512073910328,0.5115025735106317,0.48647596751432104,0.7271803570671811,0.7223774242298192,0.5793160064761925,0.7836021272762949,0.8142667068352845,0.6360268832318919,0.5215856181715824,0.48748593366603477,0.5379135883966323,0.4666898731016358,0.6670781887364235,0.6610837514113683,1.0,0.0,1.0,1.0,0.0,0.0,0.0,1.0,0.0,0.0,1.0,6.0
9.0,0.0,1.0,0.0,0.0,0.0,1.0,0.0,0.0,1.0,1.0,0.0,0.0,0.0,1.0,0.0,0.0,0.0,1.0,0.0,0.0,0.0,0.0,0.0,0.0,1.0,0.0,0.0,0.0,0.0,0.0,0.0,0.0,0.0,0.0,0.0,0.0,0.0,1.0,0.0,0.0,0.0,1.0,0.0,0.0,0.0,1.0,0.0,0.0,0.0,1.0,0.0,0.0,0.0,1.0,0.0,0.0,1.0,0.0,0.0,0.0,0.0,1.0,0.0,0.0,0.0,0.0,0.0,0.0,0.0,1.0,0.0,0.0,1.0,1.0,0.0,0.0,0.0,1.0,0.0,0.0,0.0,0.5875760309005457,0.7987301434156592,0.6286895477811681,0.7000668848056603,0.5124099939936303,0.4336427546068829,0.6447696915553092,0.8346534024209601,0.5726388078481428,0.7649095429396169,0.7197390156717014,0.6842642722081493,0.5489106737061479,0.43851283113906586,0.5849067994553697,0.4565740244953532,0.6349956762715471,0.670451283796524,1.0,0.0,1.0,1.0,0.0,0.0,0.0,1.0,0.0,0.0,1.0,6.0
9.0,0.0,1.0,0.0,0.0,0.0,0.0,0.0,0.0,0.0,1.0,0.0,0.0,0.0,1.0,1.0,0.0,0.0,1.0,0.0,0.0,0.0,0.0,1.0,0.0,1.0,0.0,0.0,0.0,0.0,0.0,0.0,0.0,0.0,0.0,0.0,0.0,0.0,1.0,1.0,0.0,0.0,1.0,0.0,0.0,0.0,0.0,1.0,0.0,0.0,1.0,0.0,0.0,0.0,1.0,0.0,0.0,1.0,0.0,0.0,0.0,0.0,1.0,0.0,0.0,0.0,0.0,0.0,0.0,0.0,1.0,0.0,0.0,0.0,1.0,0.0,0.0,0.0,1.0,0.0,0.0,0.0,0.5957742064772248,0.790991398139454,0.6787119300318618,0.7098219815775471,0.5152082101156004,0.4773878200349814,0.7245585086565547,0.8370820084652347,0.5699937389181577,0.7821076988894786,0.7305297893502165,0.6322916550614042,0.5215814064936257,0.4826619529519704,0.5482516841839873,0.4796880995651261,0.6883451104538577,0.6436797112500755,1.0,0.0,1.0,1.0,0.0,0.0,0.0,1.0,0.0,0.0,1.0,6.0
9.0,0.0,1.0,0.0,0.0,0.0,0.0,0.0,0.0,0.0,1.0,0.0,0.0,0.0,1.0,1.0,0.0,0.0,1.0,0.0,0.0,0.0,0.0,1.0,0.0,1.0,0.0,0.0,0.0,0.0,0.0,0.0,0.0,0.0,0.0,0.0,0.0,0.0,1.0,1.0,0.0,0.0,1.0,0.0,0.0,0.0,0.0,1.0,0.0,0.0,1.0,0.0,0.0,0.0,1.0,0.0,0.0,1.0,0.0,0.0,0.0,0.0,1.0,0.0,0.0,0.0,0.0,0.0,0.0,0.0,1.0,0.0,0.0,0.0,1.0,0.0,0.0,0.0,1.0,0.0,0.0,0.0,0.6101305910545715,0.7831277960459698,0.6841333726993224,0.7065051641915214,0.5095102415239878,0.4371663562685177,0.6579022995034259,0.6516020659184276,0.5670458760495027,0.7742868758700794,0.7462363224785733,0.6354148754346339,0.5217531124185897,0.4241876672877336,0.5623658683069029,0.4720229256989969,0.6666045376746313,0.6436276254506332,1.0,0.0,1.0,1.0,0.0,0.0,0.0,1.0,0.0,0.0,1.0,6.0
9.0,0.0,1.0,0.0,0.0,0.0,0.0,0.0,0.0,1.0,1.0,0.0,0.0,0.0,1.0,1.0,0.0,0.0,1.0,0.0,0.0,0.0,0.0,0.0,0.0,1.0,0.0,0.0,0.0,0.0,0.0,0.0,0.0,0.0,0.0,0.0,0.0,0.0,1.0,0.0,0.0,0.0,1.0,0.0,0.0,0.0,0.0,1.0,0.0,0.0,1.0,0.0,0.0,0.0,1.0,0.0,0.0,1.0,0.0,0.0,0.0,0.0,1.0,0.0,0.0,0.0,0.0,0.0,0.0,0.0,1.0,0.0,0.0,1.0,1.0,0.0,0.0,0.0,1.0,0.0,0.0,0.0,0.5935246353211016,0.8059334212610838,0.6716057450997105,0.7018326365840111,0.5069781182565546,0.44878137039059324,0.6615528624857735,0.8722018827505511,0.6690329531436336,0.7741084831390562,0.7210558082232867,0.6402143100526199,0.4899912880516858,0.4565406494501939,0.5350197551421579,0.4794388394203775,0.6364487526138761,0.6749621584192291,1.0,0.0,1.0,1.0,0.0,0.0,0.0,1.0,0.0,0.0,1.0,6.0
9.0,0.0,1.0,0.0,0.0,0.0,0.0,0.0,0.0,0.0,1.0,0.0,0.0,0.0,1.0,1.0,0.0,0.0,1.0,0.0,0.0,0.0,0.0,1.0,0.0,1.0,0.0,0.0,0.0,0.0,0.0,0.0,0.0,0.0,0.0,0.0,0.0,0.0,1.0,1.0,0.0,0.0,1.0,0.0,0.0,0.0,0.0,1.0,0.0,0.0,1.0,0.0,0.0,0.0,1.0,0.0,0.0,1.0,0.0,0.0,0.0,0.0,1.0,0.0,0.0,0.0,0.0,0.0,0.0,0.0,1.0,0.0,0.0,0.0,1.0,0.0,0.0,0.0,1.0,0.0,0.0,0.0,0.6087495652796718,0.7839577147958084,0.6846160507607395,0.7028838297173982,0.49780639170493285,0.47242710036632696,0.6387918419839949,0.8264168820990432,0.5672602169568433,0.7752981387360734,0.742839143378748,0.6303623259681445,0.5499391213191552,0.490891045396767,0.5241098628068266,0.45899626597640153,0.6511588616444208,0.643793203640033,1.0,0.0,1.0,1.0,0.0,0.0,0.0,1.0,0.0,0.0,1.0,6.0
9.0,0.0,1.0,0.0,0.0,0.0,0.0,0.0,0.0,0.0,1.0,0.0,0.0,0.0,1.0,1.0,0.0,0.0,1.0,0.0,0.0,0.0,0.0,1.0,0.0,1.0,0.0,0.0,0.0,0.0,0.0,0.0,0.0,0.0,0.0,0.0,0.0,0.0,1.0,1.0,0.0,0.0,1.0,0.0,0.0,0.0,0.0,1.0,0.0,0.0,1.0,0.0,0.0,0.0,1.0,0.0,0.0,1.0,0.0,0.0,0.0,0.0,1.0,0.0,0.0,0.0,0.0,0.0,0.0,0.0,1.0,0.0,0.0,0.0,1.0,0.0,0.0,0.0,1.0,0.0,0.0,0.0,0.5955452238962632,0.7909107226380375,0.6769802890013815,0.7089835555632855,0.5154830889416364,0.4774210850468156,0.7242978818232149,0.8370820084652347,0.5699013923131994,0.7823269318186554,0.7341531660756389,0.6330358904041109,0.527505372667766,0.4826619529519704,0.5481005243281476,0.47909745114821556,0.6892703127695858,0.6436836108997364,1.0,0.0,1.0,1.0,0.0,0.0,0.0,1.0,0.0,0.0,1.0,6.0
9.0,0.0,1.0,0.0,0.0,1.0,0.0,0.0,0.0,0.0,1.0,0.0,0.0,0.0,1.0,1.0,0.0,0.0,1.0,0.0,0.0,0.0,0.0,0.0,0.0,1.0,1.0,0.0,0.0,0.0,0.0,0.0,0.0,0.0,0.0,0.0,0.0,1.0,1.0,0.0,0.0,0.0,1.0,0.0,0.0,0.0,0.0,1.0,0.0,0.0,1.0,0.0,0.0,0.0,1.0,0.0,0.0,1.0,0.0,0.0,0.0,0.0,1.0,0.0,0.0,0.0,1.0,0.0,0.0,0.0,1.0,0.0,0.0,0.0,1.0,0.0,0.0,0.0,1.0,0.0,0.0,0.0,0.5949368529390506,0.8107618398281253,0.6820501953185977,0.7031531106715113,0.5136858007912031,0.47140112524410377,0.6112013956982673,0.8265292307949457,0.5930780231341723,0.7751136505634175,0.5724932427509385,0.6753713654696077,0.46188324942479,0.4229011163202123,0.5272641603511955,0.5135333904706111,0.6447457908914783,0.6611438500133346,1.0,0.0,1.0,1.0,0.0,0.0,0.0,1.0,0.0,0.0,1.0,6.0
9.0,0.0,1.0,0.0,0.0,0.0,0.0,0.0,0.0,1.0,1.0,0.0,0.0,0.0,1.0,1.0,0.0,0.0,0.0,0.0,0.0,0.0,0.0,1.0,0.0,1.0,0.0,0.0,0.0,0.0,0.0,0.0,0.0,0.0,0.0,0.0,1.0,0.0,1.0,1.0,0.0,0.0,1.0,0.0,0.0,0.0,0.0,1.0,0.0,0.0,1.0,0.0,0.0,0.0,0.0,0.0,0.0,1.0,0.0,0.0,0.0,0.0,1.0,0.0,0.0,0.0,0.0,0.0,0.0,0.0,1.0,0.0,0.0,1.0,0.0,0.0,1.0,0.0,0.0,0.0,0.0,0.0,0.6090965873693829,0.7819300053823014,0.6785527576440837,0.7046481058372769,0.5085142225854511,0.44576803130543935,0.7760278217660838,0.6624096443231956,0.5601140114161371,0.7664735344917329,0.8384241548584881,0.6379162666566497,0.5308401205179961,0.4894446930958581,0.5646472548117483,0.47144174432651076,0.7399581590912281,0.6432164402424554,1.0,0.0,1.0,1.0,0.0,0.0,0.0,1.0,0.0,0.0,1.0,6.0
9.0,0.0,1.0,0.0,0.0,0.0,0.0,0.0,0.0,1.0,1.0,0.0,0.0,0.0,1.0,1.0,0.0,0.0,0.0,0.0,0.0,0.0,0.0,1.0,0.0,1.0,0.0,0.0,0.0,0.0,0.0,0.0,0.0,0.0,0.0,0.0,0.0,0.0,1.0,1.0,0.0,0.0,1.0,0.0,0.0,0.0,0.0,1.0,0.0,0.0,1.0,0.0,0.0,0.0,1.0,0.0,0.0,1.0,0.0,0.0,0.0,0.0,1.0,0.0,0.0,0.0,0.0,0.0,0.0,0.0,1.0,0.0,0.0,1.0,0.0,0.0,0.0,0.0,1.0,0.0,0.0,0.0,0.6216817902112537,0.7810977176072398,0.6902791788342874,0.6980242545853624,0.45646157336609616,0.37477707704650615,0.6158382997120668,0.8514530660783121,0.5750519354648247,0.7685962593488069,0.8389815888701248,0.6314239293585336,0.4990895264634863,0.42284860149229797,0.5340096660103785,0.2558172480479149,0.6475778461234067,0.643248639846329,1.0,0.0,1.0,1.0,0.0,0.0,0.0,1.0,0.0,0.0,1.0,6.0
9.0,0.0,1.0,0.0,0.0,0.0,0.0,0.0,0.0,1.0,1.0,0.0,0.0,0.0,1.0,1.0,0.0,0.0,1.0,0.0,0.0,0.0,0.0,0.0,0.0,1.0,0.0,0.0,0.0,0.0,0.0,0.0,0.0,0.0,0.0,0.0,0.0,0.0,1.0,0.0,0.0,0.0,1.0,0.0,0.0,0.0,0.0,1.0,0.0,0.0,1.0,0.0,0.0,0.0,1.0,0.0,0.0,1.0,0.0,0.0,0.0,0.0,1.0,0.0,0.0,0.0,0.0,0.0,0.0,0.0,1.0,0.0,0.0,1.0,1.0,0.0,0.0,0.0,1.0,0.0,0.0,0.0,0.5965439224702269,0.8079468611375757,0.6646929079320681,0.6922735127998962,0.5123677512168718,0.42884887673091454,0.6429399681041063,0.8328535814163983,0.6661345234177943,0.7655313888677431,0.7375502663518239,0.6362718977140488,0.526861897786247,0.42466684228920304,0.6167069603769924,0.45589609478820237,0.6442444606288399,0.6790988648528138,1.0,0.0,1.0,1.0,0.0,0.0,0.0,1.0,0.0,0.0,1.0,6.0
9.0,0.0,1.0,0.0,0.0,0.0,0.0,0.0,0.0,0.0,1.0,0.0,0.0,0.0,1.0,1.0,0.0,0.0,1.0,0.0,0.0,0.0,0.0,1.0,0.0,1.0,0.0,0.0,0.0,0.0,0.0,0.0,0.0,0.0,0.0,0.0,0.0,0.0,1.0,1.0,0.0,0.0,1.0,0.0,0.0,0.0,0.0,1.0,0.0,0.0,1.0,0.0,0.0,0.0,1.0,0.0,0.0,1.0,0.0,0.0,0.0,0.0,1.0,0.0,0.0,0.0,0.0,0.0,0.0,0.0,1.0,0.0,0.0,0.0,1.0,0.0,0.0,0.0,1.0,0.0,0.0,0.0,0.6109774248417721,0.7837183271638819,0.6816532844481066,0.7080769304623703,0.5057422657469214,0.4714284289316124,0.7716861623590948,0.6624096443231956,0.5604302617894292,0.7653763611587403,0.8365261410612937,0.6296327325395332,0.5308401205179961,0.48935714322083085,0.5646472548117483,0.4589709716880995,0.7399581590912281,0.6725851805684038,1.0,0.0,1.0,1.0,0.0,0.0,0.0,1.0,0.0,0.0,1.0,6.0
9.0,0.0,1.0,0.0,0.0,0.0,0.0,0.0,0.0,0.0,1.0,0.0,0.0,0.0,1.0,1.0,0.0,0.0,1.0,0.0,0.0,0.0,0.0,1.0,0.0,1.0,0.0,0.0,0.0,0.0,0.0,0.0,0.0,0.0,0.0,0.0,0.0,0.0,1.0,1.0,0.0,0.0,1.0,0.0,0.0,0.0,0.0,1.0,0.0,0.0,1.0,0.0,0.0,0.0,1.0,0.0,0.0,1.0,0.0,0.0,0.0,0.0,1.0,0.0,0.0,0.0,0.0,0.0,0.0,0.0,1.0,0.0,0.0,0.0,1.0,0.0,0.0,0.0,1.0,0.0,0.0,0.0,0.6096725589752338,0.7831277960459698,0.6845040441223486,0.7066639707742006,0.5299354920081469,0.4371663562685177,0.6579022995034259,0.729252349196024,0.5784937158110594,0.7742857513818046,0.7462363224785733,0.6311491089552752,0.5217505972501494,0.4810520692363728,0.5623658683069029,0.47148588844261824,0.6459871257564052,0.6436833557773036,1.0,0.0,1.0,1.0,0.0,0.0,0.0,1.0,0.0,0.0,1.0,6.0
9.0,0.0,1.0,0.0,0.0,0.0,0.0,0.0,0.0,0.0,1.0,0.0,0.0,0.0,1.0,1.0,0.0,0.0,1.0,0.0,0.0,0.0,0.0,1.0,0.0,1.0,0.0,0.0,0.0,0.0,0.0,0.0,0.0,0.0,0.0,0.0,0.0,0.0,1.0,1.0,0.0,0.0,1.0,0.0,0.0,0.0,0.0,1.0,0.0,0.0,1.0,0.0,0.0,0.0,1.0,0.0,0.0,1.0,0.0,0.0,0.0,0.0,1.0,0.0,0.0,0.0,0.0,0.0,0.0,0.0,1.0,0.0,0.0,0.0,1.0,0.0,0.0,0.0,1.0,0.0,0.0,0.0,0.6101305910545715,0.7831277960459698,0.6841333726993224,0.7065051641915214,0.5123582783248402,0.43733287952071653,0.6579022995034259,0.6516020659184276,0.567045013928905,0.7742868758700794,0.7462363224785733,0.6354361267494844,0.5217531124185897,0.46786717084624957,0.5345449465554942,0.47204998039971474,0.6666045376746313,0.6436276254506332,1.0,0.0,1.0,1.0,0.0,0.0,0.0,1.0,0.0,0.0,1.0,6.0
9.0,0.0,1.0,0.0,0.0,0.0,0.0,0.0,0.0,0.0,1.0,0.0,0.0,0.0,1.0,1.0,0.0,0.0,1.0,0.0,0.0,0.0,0.0,1.0,0.0,1.0,0.0,0.0,0.0,0.0,0.0,0.0,0.0,0.0,0.0,0.0,0.0,0.0,1.0,1.0,0.0,0.0,1.0,0.0,0.0,0.0,0.0,1.0,0.0,0.0,1.0,0.0,0.0,0.0,1.0,0.0,0.0,1.0,0.0,0.0,0.0,0.0,1.0,0.0,0.0,0.0,0.0,0.0,0.0,0.0,1.0,0.0,0.0,0.0,1.0,0.0,0.0,0.0,1.0,0.0,0.0,0.0,0.6128268345058766,0.7792932877253432,0.6835686774531596,0.7014128084866298,0.46205035587285637,0.440632383547858,0.6594736796329878,0.8408973203279597,0.5646161339803475,0.7655907592936411,0.8398888129157993,0.6349628114208634,0.481533267645995,0.4127788796797257,0.5225880699886822,0.5019857995492257,0.6512677921567582,0.6444350894041437,1.0,0.0,1.0,1.0,0.0,0.0,0.0,1.0,0.0,0.0,1.0,6.0
